en_text,ur_text
It was his silence that made her angry.,اس کی خاموشی نے لڑکی کو ناراض کر دیا تھا۔
Our country is rich in marine products.,ہمارے ملک میں سمندری اشیائیں بہت ہے۔
Please come. I really want to meet you.,پلیز آجائو۔ میں تم سے ملنے کے لیئے بیتاب ہوں۔
Rabbits have long ears and short tails.,خرگوش کے کان لمبے اور دم چھوٹی ہوتی ہے۔
The doctor arrived in time to save her.,ڈاکٹر نے وقت پہ آ کے اس کی جان بچا لی۔
They are currently attending a meeting.,وہ اس وقت ایک اجلاس میں شرکت کر رہے ہیں۔
Those books are always in great demand.,ان کتابوں کی ہمیشہ بہت مانگ رہتی ہے۔
"When she entered the room, he stood up.",حب وہ کمرے میں داخل ہوئی تو وہ کھڑا ہو گیا۔
You'll find the shop around the corner.,تمھیں دکان سڑک کے کونے میں ملے گی۔
A loud knocking at the door woke him up.,دروازے پہ زور کی دستک نے اسے جگا دیا۔
"At first, I thought he was your brother.",پہلے مجھے لگا کہ وہ تمھارا بھائی ہے۔
Did you get any sleep at all last night?,تم رات کو سو سکے تھے۔
Enter the information into the computer.,کمپیوٹر میں معلومات کا اندراج کرو۔
I don't feel like eating anything today.,میرا آج کچھ کھانے کا دل نہیں کر رہا۔
I don't know whether I have time or not.,پتا نہیں میرے پاس وقت ہے کہ نہیں ۔
I have a feeling that she'll come today.,مجھے لگ رہا ہے کہ وہ آج آئے گی۔
I washed my hands of the whole business.,میں نے اس کاروبار سے اپنے ہاتھ صاف کر لیئے ہے۔
It's difficult to understand his theory.,اس کے نظریہ کو سمجھنا مشکل ہے۔
It's not easy to be honest all the time.,ہر وقت ایماندار ہونا آسان نہیں ہے۔
Mary helped her mother with the cooking.,مریم نے کھانے پکانے میں اپنی ماں کا ہاتھ بٹایا۔
The students range in age from 18 to 25.,طالب علموں کی عمر ۱۸ سے ۲۵ سال ہیں۔
There is a car in front of the building.,عمارت کے سامنے ایک گاڑی کھڑی ہے۔
There were only six people at the party.,پارٹی پہ صرف چھہ لوگ تھے۔
Those were the saddest hours of my life.,وہ میری زندگی کے سب سے غمگین لمحے تھے۔
"Though wounded, they continued to fight.",حالانکہ وہ ذخمی تھے مگر وہ پھر بھی لڑتے رہے۔
Tom blames Mary for all of his problems.,ٹام نے اپنے تمام مسائل کا زمہ دار مریم کو ٹھہرایا ہے۔
Tom usually pays for everything in cash.,ٹام عام طور پر نقد رقم میں ہر چیز کے لئے ادائیگی کرتا ہے۔
We loaded a lot of luggage into the car.,ہم نے گاڑی میں کافی سامان ڈال دیا۔
What're you doing here so late at night?,تم یہاں اتنی رات کو کیا کر رہے ہو؟
Could you put your seat back up a little?,آپ اپنی سیٹ تھوڑی اوپر کر سکتے ہے؟
Go on ahead. I'll catch up with you soon.,تم نکلو۔ میں تھوڑی دیر میں نکلتا ہوں۔
How did you learn how to play the violin?,تم نے وایلن بجانا کیسے سیکھا؟
How long do you think we'll have to wait?,تمہارے خیال میں ہمیں کتنا انتظار کرنا پڑے گا؟
How long will this cold weather continue?,ٹھنڈا موسم اور کتنا عرصہ رہے گا؟
How many people are there in your family?,تمھارے خاندان میں کتنے لوگ ہے؟
I can't remember the melody of that song.,مجھے گانے کی دھن یاد نہیں آ رہی۔
I think it's sad to not have any friends.,میرے خیال میں کوئی دوست نہ ہونا بہت دکھ کی بات ہے ۔
"I'm sorry, but I can't answer right away.",معاف کیجیئے گا مگر میں ابھی جواب نہیں دے سکتا۔
"In hot weather, water evaporates quickly.",گرم موسم میں پانی جلد اڑ جاتا ہے۔
Please refrain from smoking in this room.,برائے مہربانی اس کمرے میں تمباکونوشی سے پرہیز کرے۔
She's a frequent visitor to this country.,وہ اس ملک میں آتی جاتی رہتی ہے۔
That's exactly what I expected to happen.,اسی چیز کے ہونے کی مجھے امید تھی۔
The princess was wearing too much makeup.,شہزادی نے بہت زیادہ میک اپ لگایا ہوا تھا۔
This stone is twice as heavy as that one.,یہ پتھر اس والے سے دگنا بھاری ہے۔
Tom hasn't washed his hair for two weeks.,ٹام نے دو ہفتوں سے اپنے بال نہیں دھوئے۔
What are you doing here so late at night?,تم یہاں اتنی رات کو کیا کر رہے ہو؟
Have you ever screamed in a movie theater?,تم نے کبھی سنیما میں چیخ ماری ہے؟
He makes three times more money than I do.,وہ مجھ سے تین گنا زیادہ پیسے کماتا ہے۔
I will lend you as much money as you want.,تمھیں جتنے پیسے چاہئے، میں اتنے تمھیں دے دوں گا۔
I'm going to study English this afternoon.,میں شام کو انگریزی پڑھو گا۔
It was a full moon that was seen that day.,اس دن چودھویں کا چاند دیکھا گیا تھا۔
None of the students were late for school.,کوئی بھی طلبہ سکول کے لئیے لیٹ نہیں تھا۔
Saying and doing are two different things.,کہنے میں اور کرنے میں بڑا فرق ہے۔
Very young children don't know many words.,چھوٹے بچے زیادہ الفاظ نہیں جانتے۔
He could swim fast enough to pass the test.,اس کی تیراکی کی رفتار اتنی تیز تھی جس میں وہ اپنا ٹیسٹ پاس کر لے۔
I felt very relieved when I heard the news.,میں نے خبر سن کے سکھ کا سانس لیا۔
I've always been passionate about football.,میں ہمیشہ سے فٹ بال کے بارے میں جنونی رہا ہوں۔
I've heard the French version of this song.,میں نے اس گیت کا فرانسیسی ورژن سنا ہوا ہے۔
She goes to market every day to buy things.,وہ ہر روز چیزیں خریدنے کے لئے بازار جاتی ہے۔
They say she is the kindest woman on earth.,وہ کہتے ہیں کہ وہ دنیا کی سب سے خوش اخلاق عورت ہے۔
Tom is probably going to be busy on Monday.,ٹام پیر کو شاید مصروف ہو گا۔
Adolescence is often a period of insecurity.,نوجوانی کا دور عموماً عدم تہفظ کا دور ہوتا ہے۔
Applicants are requested to apply in person.,درخواست دہندگان سے گزارش ہے کہ وہ خود آکے اپنی درخواست جمع کرائے۔
Do you sometimes go abroad on your holidays?,تم کیا کبھی ملک سے باہر جاتے ہو چھٹیاں منانے؟
I remember having seen him somewhere before.,مجھے یاد ہے کہ میں نے اسے کہیں پہلے دیکھا ہوا ہے۔
I told Tom I didn't feel like taking a walk.,میں نے ٹام کو بتایا میرا چلنے کا موڈ نہیں ہے
It is against my principles to borrow money.,پیسے ادھار لینا میرے اصولوں کے خلاف ہے۔
"My father used to smoke, but now he doesn't.",میرے ابو پہلے تمباکونوشی کرتے تھے مگر اب نہیں۔
"Now that you are well again, you can travel.",کیونکہ اب تم ٹھیک ہو چکے ہو، تم سفر کر سکتے ہو۔
Our teacher said that water boils at 100°C.,ہمارے استاد نے کیا کہ پانی ۱۰۰ ڈگری سینٹی گریڈ پہ ابلتا ہے۔
She is not as beautiful as her older sister.,وہ اپنی بڑی بہن کی طرح اتنی خوبصورت نہیں ہے۔
She's about the same age as my older sister.,وہ تقریباّ میری بڑی بہن کی عمر کی ہے۔
She's been absent from school for five days.,وہ پانچ دن کے لئے اسکول سے غیر حاصر تھی۔
That's why I told you not to go by yourself.,اسی لئیے میں نے تمھیں کہا تھا کہ تم اکیلے نہ جائو۔
The Texans began to organize their own army.,ٹیکسنس نے اپنی خود کی فوج منظم کرنا شروع کر دی۔
There seemed to be no answer to the problem.,اس کے مسلئے کا کوئی سدِ باب نظر نہیں آ رہا تھا۔
They did not support one group or the other.,وہ کسی بھی گروہ کی ہمایت نہیں کرتے۔
You're the most important person in my life.,تم میری زندگی کے سب سے زیادہ اہم شخص ہو۔
Five years have gone by since my father died.,میرے والد کو گزرے ہوئے پانچ سال ہو گئے ہے۔
He hangs around with the wrong group of kids.,وہ غلط قسم کے بچوں کے ساتھ اٹھتا بیٹھتا ہے۔
He is always finding fault with other people.,وہ ہر وقت دوسروں کی خامیاں ڈھونڈنے میں لگا رہتا ہے۔
He sent fruit and vegetables to his daughter.,اس نے اپنی بیٹی کو پھل اور سبزیاں بھیجی۔
His new book is going to come out next month.,اس کی نئی کتاب اگلے مہینے آ رہی ہے۔
I knew at a glance that he was an honest man.,مجھے اسے دیکھ کر فورا پتہ لگ گیا تھا کہ وہ ایک سچا آدمی ہے۔
I left Japan for the first time in ten years.,میں دس سال میں پہلی دفعہ جاپان سے باہر نکلا۔
I'm confident that I'll win the tennis match.,مجھے یقین ہے کہ میں ٹینس میچ جیت جائوں گا۔
I'm going to work during the spring vacation.,میں بہار کی چھٹیوں میں کام پہ جا رہا ہوں۔
She goes to the supermarket every three days.,وہ سوپر مارکیٹ ہر تین دن بعد جاتی ہے۔
The baseball game was called off due to rain.,بیس بال کھیل بارش کی وجہ سے ملتوی کر دیا گیا۔
The doctor advised my father to stop smoking.,ڈاکٹر نے میرے والد کو مشورہ دیا کہ وہ تمباکونوشی چھوڑ دے۔
The meeting will start at four o'clock sharp.,میٹنگ پورے چار بجے شروع ہو جائے گی۔
Are you absolutely sure that Tom will do that?,کیا تمہیں پورا یقین ہے کہ ٹام یہ کر لے گا؟
He convinced me that his brother was innocent.,اس نے مجھے قائل کیا کہ اس کا بھائی بے قصور ہے۔
His wife has started to work out of necessity.,اس کی بیوی نے مجبوری میں کام کرنا شروع کیا ہے۔
"I have to lose weight, so I'm going on a diet.",مجھے وزن کم کرنا ہے، اسی لئیے میں ڈائیٹنگ شروع کر رہا ہوں۔
I'm sorry to disturb you while you're talking.,قطع قلامی معاف۔
"In the United States, school buses are yellow.",امریکہ میں اسکول کی بسوں کا رنگ پیلا ہیں
Science can be used for good or evil purposes.,سائنس اچھے یا برے مقاصد کے لئے استعمال کیا جا سکتا ہے۔
The girl who's playing the piano is my sister.,جو لڑکی پیانو بجا رہی ہے وہ میری بہن ہے۔
We invited our new neighbors over for a drink.,ہم نے اپنے نئے ہمسائیوں کو چائے پہ دعوت دی۔
We watched the baseball game on TV last night.,ہم نے کل رات ٹی وی پر بیس بال گیم دیکھی۔
"When the rain stopped, he went out for a walk.",جب بارش رکی تھی تو وہ چہل قدمی کے لیے باہر چلا گیا تھا۔
You should stay in bed for three or four days.,تم تین سے چار دن تک بستر پر رہو۔
"You've already decided not to go, haven't you?",تم نے تو فیصلہ نہیں کر لیا نہ جانے کا؟
"His novels are, for the most part, very boring.",اس کے ناول، زیادہ تر، کافی بورنگ ہوتے ہے۔
I wish you hadn't told that story to my mother.,کاش تم نے وہ کہانی میری والدہ کو نہ بتائی ہوتی۔
"It doesn't matter who says that, it's not true.",اس سے فرق نہیں پڑتا کہ کس نے کہاں ہے، بات ہی غلط ہے۔
One of her cars is blue and the others are red.,اس کی ایک گاڑی نیلی ہے اور باقی لال ہیں۔
Please give me a wake-up call at eight o'clock.,براہ کرم مجھے آٹھ بجے فون کر کے اٹھا دیجیے گا۔
She is staying at a little hotel by the castle.,قلعہ کے پاس ایک چھوٹا سا ہوٹل ہے، وہ وہاں رہ رہی ہے۔
She's curious to find out who sent the flowers.,وہ جاننے کے لئیے بیتاب ہے کہ یہ پھول کس نے بھیجے ہے۔
Ten years have passed since he went to America.,دس سال ہو گئے ہیں اسے امریکہ گئے ہوئے۔
The recent advances in medicine are remarkable.,طب کے میدان میں حال ہی میں ہونے والے ترقی بہت شاندار ہیں۔
The river overflowed because of the heavy rain.,تیز بارشوں کی وجہ سے دریا سے پانی ابل کے باہر آ گیا۔
"When the bomb exploded, I happened to be there.",میں وہی پہ تھا جب بم دھماکہ ہوا تھا۔
Would you please tell me what I should do next?,کیا آپ مجھے بتائیں گے کہ میں اب کیا کروں؟
You should always wash your hands before meals.,کھانے سے پہلے ہمیشہ ہاتھ دھویا کرو۔
"At the moment, there isn't anyone in the office.",اس وقت دفتر میں کوئی نہیں ہے۔
"Being injured in an accident, he could not walk.",حادثہ میں زخمی ہونے کے بعد، وہ چل نہیں سکتا۔
I plan to study this afternoon after I get home.,میرا پلین ہے کہ شام کو گھر جا کے میں پڑھائی کرو گا۔
It was not in his nature to speak ill of others.,اس کی فطرت میں دوسروں کی برائی کرنا نہیں ہے۔
It was so hot that I slept with the window open.,اتنی گرمی تھی کہ میں کھڑکی کھول کے سویا۔
There's something going on between Tom and Mary.,ٹام اور مریم کے بیج میں کچھ چل رہا ہے۔
Tom didn't expect such a nice present from Mary.,ٹام نے مریم سے اتنے اچھے تحفے کی امید نہیں کی تھی۔
What did you say? Could you please say it again?,کیا کہ رہے ہو؟ دوبارہ کہ سکتے ہو؟
Do you think we should import rice from the U.S.?,ہمیں کیا امریکا سے چاول کی برآمدگی کرنی چاہیے؟
Don't you know that he passed away two years ago?,تمھیں نہیں پتہ ، اسے فوت ہوئے دو سال ہو گئے ہے۔
I want a boat that'll take me far away from here.,مجھے ایک کشتی چاہئیے جو مجھے یہاں سے دور لے جائے۔
Just wait a little please. He hasn't arrived yet.,برائے مہربانی تھوڑا انتظار فرما لے۔ وہ ابھی تک پہنچے نہیں ہے۔
The accident took place the day before yesterday.,حادثہ پرسو ہوا تھا۔
The construction of the hospital is about to end.,ہسپتال کی تعمیر بس ختم ہونے والی ہے۔
The old woman climbed the stairs with difficulty.,بزرگ عورت بڑی مشکل سے سیڑھیاں چڑھی تھی۔
What would our lives be like without electricity?,ہماری زندگیاں بغیر بجلی کے کیسی ہونگی؟
"You don't get up as early as your sister, do you?",تم اپنی بہن کی طرح صبح جلدی نہیں اٹھتے، ہے نا؟
A doctor tried to remove the bullet from his back.,ڈاکٹر نے اس کی پیٹھ سے گولی نکالنے کی کوشش کی۔
I gave my sister a pearl necklace on her birthday.,میں نی اپنی بہن کو اس کی سالگرہ پر ہیروں کا ہار دیا۔
Martin Luther King spent his life seeking justice.,مارٹن لوتھر کنگ نے اپنی زنگی انصاف کے حصول میں گزاردی۔
My father usually watches television after dinner.,میرے والد رات کے کھانے کے بعد عموماً ٹی وی دیکھتے ہے۔
You're working too hard. Take it easy for a while.,تم بہت زیادہ کام کر رہے ہو آج کل۔ تھوڑا سا آرام کر لو۔
He's accustomed to getting up early in the morning.,وہ صبح جلدی اٹھنے کا عادی ہے۔
Our office is on the northern side of the building.,ہمارا دفتر عمارت کے شمال جانب ہے۔
"The bat was stolen yesterday, along with the balls.",بلے کے ساتھ ساتھ کل گیندیں بھی چوری ہو گئی۔
This is the camera that Tom took the pictures with.,یہ وہ کیمرہ ہے جس سے ٹام نے تصویریں کھینچی ہیں۔
I'll postpone my trip to Scotland until it's warmer.,میں سکاٹ لینڈ کا دورہ تب تک ملتوی کر رہا ہو جب تک موسم تھوڑا گرم نہیں ہو جاتا۔
"If that guitar weren't so expensive, I could buy it.",اگر وہ گیٹار اتنا مہنگا نہ ہوتا، میں اسے خرید لیتا۔
"My uncle went to Mexico in 1983, never to come back.",میرے ماموں ۱۹۸۳ میں میکسیکو گئے تھے اور کبھی واپس نہیں آئے۔
"No matter how much she eats, she never gains weight.",وہ جتنا مرضی کھا لے، اس کا وزن بڑھتا ہی نہیں ہے۔
This story is by far more interesting than that one.,یہ کہانی دوسرے سے زیادو مزیدار ہے۔
Can one person really make a difference in the world?,کیا کوئی ایک شخص دنیا میں کوئی بدلاؤ لا سکتا ہے؟
I could tell from his accent that he was a Frenchman.,میں اس کے بولنے کے لہجے سے بتا سکتا تھا کہ وہ فرانسیسی ہے۔
Mary's new hairstyle made her stand out in the crowd.,میری کے بالوں کے نئے انداز نے اسے بھیڑ میں بھی منفرد کر دیا تھا۔
Tom fell in love with Mary the first time he saw her.,ٹام نے جب پہلی دفعہ مریم کو دیکھا تو وہ اس کے عشق میں گرفتار ہو گیا۔
"Tom grew up near a lake, but he isn't a good swimmer.",ٹام ایک جھیل کے قریب بڑا ہوا مگر وہ اچھا تیراک نہیں ہے۔
"When I got home, I noticed that I had lost my wallet.",جب میں گھر پہنچا تو مجھے پتہ لگا کہ میرا بٹوہ گم ہو گیا ہے۔
I was caught in a shower and was drenched to the skin.,میں بارش میں پھنس گیا اور پورے کا پورا بھیگ گیا۔
"No matter how you do it, the results will be the same.",تم جیسے مرضی کرو، اس کا نتیجہ ایک ہی نکلے گا۔
Please bring us two cups of tea and one cup of coffee.,ہمیں دو کپ چائے اور ایک کپ کافی لا دینا۔
Tom never felt comfortable expressing his own opinion.,ٹام اپنی رائے کو اظہار کرنے میں کبھی بھی خوش نہیں تھا۔
"He'd like to have a coffee after work. ""I would too.""","وہ کام کے بعد کافی پینا پسند کرے گا۔ ""میں بھی"""
He's been staying at that hotel for the past five days.,وہ پچھلے پانچ دنوں سے ہوٹل میں قیام پزیر ہے۔
"If you look after your clothes, they last a lot longer.",اگر تم اپنے کپروں کا دھیان رکھو گے تو وہ زیادہ عرصہ چلے گے۔
My father told me about his experiences during the war.,میرے ابو نے مجھے اپنے جنگی تجربے کے بارے میں بتایا۔
The committee is composed of three men and seven women.,کمیٹی میں تین مرد اور سات عورتیں ہیں۔
You'll save yourself a lot of time if you take the car.,اگر تم گاڑی میں جائو گے تو تم اپنا کافی وقت بچا لو گے۔
"Every time I look at this picture, I think of my father.",جب بھی میں اس تصویر کو دیکھتا ہوں، مجھے اپنے ابو یار آ جاتے ہے۔
Is it the vacuum cleaner's fault that the room is dusty?,کیا یہ ویکیوم کلینر کا قصور ہے کہ کمرہ گندا ہے؟
Deaf people often talk to each other using sign language.,بہرے لوگ اکثر ایک دوسرے سے نشانی زبان میں بات کرتے ہیں۔
Do you have any idea where Tom might have put his camera?,تمھیں کوئی آئڈیا ہے کہ ٹام نے اپنا کیمرہ کدھر دکھا ہوا ہے؟
It is very hard to tell what country a person comes from.,کافی مشکل ہے بتانا کہ کونسا بندہ کس ملک سے ہے۔
The last bus had already gone when I got to the bus stop.,میرے بس سٹاپ پہنچنے تک آخری بس نکل چکی تھی۔
I have to have an interview before taking the examination.,مجھے امتہان سے پہلے ایک انٹرویو دینا پڑے گا۔
"On last week's English test, my score was worse than hers.",پچھلے ہفتے کے انگریزی کے امتحان میں میرے اس سے برے نمبر تھے۔
The doctor tried every possible means to save his patient.,ڈاکٹر نے ہر ممکن کوشش کی مریض کو بچانے کے لیئے۔
"Compared with last year, this year's crops are much better.",پچھلے سال کے مقابلے میں اس سال کی کپاس بے مثال ہیں۔
I just told Tom that I wanted to help him clean the garage.,میں نے ٹام کو بتایا کہ مجھے گراج کی صفائی کے لئیے مدد چاہئیے۔
I need another can of paint to finish painting the ceiling.,مجھے پینٹ کا ایک کنستر اور چاہئیے چھت کو پوری طرح پینٹ کرنے کے لئیے۔
I thought we'd never get out of the burning building alive.,مجھے لگا ہم کبھی بھی اس جلتی ہوئی عمارت سے زندہ نہیں نکل سکے گے۔
Many people in Africa were killed as a result of the storm.,طوفان کے نتیجے میں افریقہ کے بہت سے لوگ ہلاک ہو گئے تھے۔
The grass is always greener on the other side of the fence.,دور کے ڈھول سہانے۔
His mother said that he had been sick in bed for five weeks.,اس کی والدہ نے بتایا ہے کہ وہ پانچ ہفتوں سے بستر میں بیمار پڑا ہے۔
"She fainted, and I had to hold her to keep her from falling.",وہ بیہوش ہو گئی، اور مجھے اس کو گرنے سے بچانے کے لئے پکڑنا پڑا۔
There's no danger of this lamp setting fire to the curtains.,اس چراغ سے پردوں کو آگ لگنے کا کوئی خطرہ نہیں۔
You should try to form the habit of using your dictionaries.,تمہیں لغات کو استعمال کرنے کی عادت بنانی چائیے۔
"In addition to being a doctor, he was a very famous novelist.",ڈاکٹر ہونے کے علاوہ وہ ایک مشہور مصنف بھی تھا۔
I got up early so that I might be in time for the first train.,میں صبح جلدی اٹھا تاکہ میں پہلی ریل گاڑی پکڑ سکوں۔
You shouldn't say that kind of thing when children are around.,تمہیں اس قسم کی باتیں بچوں کے سامنے نہیں کرنی چائیے۔
"On my way home from school yesterday, I was caught in a shower.",کل سکول سے واپس آتے ہوئے میں بارش کی لپیٹ میں آ گیا تھا۔
"Once you've formed a bad habit, you can't get rid of it easily.",ایک بار تم نے کوئی گندی عادت اپنالی، پھر اس سے آرام سے جان نہیں چھٹے گی۔
Tom has been eating at that restaurant since he was a teenager.,ٹام اس ریستوران میں تب سے جا رہا ہے جب سے وہ نوجوان ہوتا تھا۔
You will be able to speak fluent English in another few months.,تم کچھ مہینوں میں بہترین انگریزی بول سکو گے۔
I don't know how I did it. The important thing is that I did it.,مجھے نہیں پتہ میں نے کیسے کیا ہے، مگر اصل چیز یہ ہے کہ میں نے کر لیا ہے۔
This morning I went to the airport in order to see my cousin off.,آج صبح میں ائیرپورٹ گیا تھا اپنے کزن کو چھوڑنے۔
"Before you criticize someone, you should walk a mile in their shoes.",کسی پہ تنقید کرنے سے پہلے اُس کی زندگی کو پہلے سمحھ لو۔
Winter seems to be sticking around a lot longer than usual this year.,سردی اس سال کافی لمبی ہو گئی ہے۔
She cut the cake into six pieces and gave one to each of the children.,اس نے کیک کے چھہ پیس کیئے اور ہر بچے کو ایک ایک پیس دیا۔
Children who are sixteen years old or younger may not enter the theater.,سولہ سال سے کم عمر کے بچے ٹھیٹر میں داخل نہیں ہو سکتے۔
She borrowed the book from him many years ago and hasn't yet returned it.,اس نے اس سے یہ کتاب کئی سال پہلے ادھار لی تھی اور ابھی تک نہیں لوٹائی۔
She asked him to not quit his job because they were poor and needed the money.,اس نے اسے اپنی نوکری چھوڑنے سے منع کیا کیونکہ وہ غریب ہے اور ان کو پیسوں کی ضرورت ہیں۔
"Tom would've liked to attend Mary's party. Unfortunately, he had other things he had to do.",ٹام میری کی پارٹی میں شامل تو ہونا چاہتا تھا مگر بدقسمتی سے اسے کچھ اور ضروری کام تھے۔
"When you meet someone for the first time, be careful about how close you stand to that person.",جب تم پہلی دفعہ کسی سے ملو، اس بات کو مد نظر رکھو کہ تم اس کے کتنا قریب کھڑے ہو۔
