en_text,bn_text
"You know that I don't have to do that, don't you?","তুমি জানো আমাকে এটা করতে হবে না, তাই না?"
"Why aren't you going? ""Because I don't want to.""","আপনি যাচ্ছেন না কেন? ""কারন আমি যেতে চাই না।"""
"At first, they were all convinced he was innocent.",প্রথমে তাঁরা নিশ্চিত ছিলেন যে তিনি নির্দোষ।
"He studies English, but he's also studying German.",তিনি ইংরেজির পাশাপাশি জার্মান ভাষা পড়াশোনা করছেন।
How did you know that I used to live in Australia?,আপনি কীভাবে জানলেন যে আমি অস্ট্রেলিয়ায় থাকতাম?
I can stay with you for as long as you want me to.,তুমি যতক্ষণ চাও আমি তোমার সাথে থাকতে পারি।
"I'm busy, but I don't think I'm as busy as Tom is.","আমি ব্যস্ত, কিন্তু আমার মনে হয় না যে আমি টমের মতো ব্যস্ত।"
"I'm from Australia, but now I live in New Zealand.","আমি অস্ট্রেলিয়া থেকে এসেছি, কিন্তু এখন আমি নিউজিল্যান্ডে থাকি।"
Last week she gave birth to a beautiful baby girl.,গত সপ্তাহে তিনি এক সুন্দর মেয়ে শিশুর জন্ম দিয়েছেন।
"Not only did he teach school, but he wrote novels.","তিনি শুধু স্কুলে পড়াননি, উপন্যাসও লিখেছেন।"
Please don't turn up the volume on the television.,দয়া করে টিভিটার আওয়াজ বাড়িয়ে দেবেন না।
Puerto Ricans were granted US citizenship in 1917.,পুয়ের্তো রিকানদের ১৯১৭ সালে মার্কিন নাগরিকত্ব প্রদান করা হয়।
"Some of them are teachers, and some are engineers.","তাদের মধ্যে কেউ কেউ শিক্ষক, আর কেউ কেউ ইঞ্জিনিয়ার।"
The date and place of the meeting have been fixed.,সভাটার স্থান এবং কাল দুটোই স্থির হয়ে গেছে।
The same thing happened three years ago in Boston.,ঠিক একই ঘটনা বস্টনে তিন বছর আগে ঘটেছিলো।
This is the most interesting novel I've ever read.,এটি আমার পড়া সবচেয়ে আকর্ষণীয় উপন্যাস।
Tom came to Boston when he was thirteen years old.,টম যখন তেরো বছরের ছিলো তখন বস্টনে এসেছিলো.
Tom certainly isn't as smart as Mary thinks he is.,টম অতটা বুদ্ধিমান নয় যতটা মেরি মনে করে।
Tom died shortly after he returned from Australia.,অস্ট্রেলিয়া থেকে ফেরার পরপরই টম মারা যায়।
Tom felt uneasy talking to Mary about that matter.,টম এই বিষয়ে মেরির সাথে কথা বলতে অস্বস্তি বোধ করেছিল।
Tom is one of the most generous people I ever met.,টম আমার দেখা সবচেয়ে উদার মানুযদের মধ্যে একজন।
Tom said that's not likely to happen anytime soon.,টম বলল যে এটি শীঘ্রই হওয়ার সম্ভাবনা কম।
Tom shouldn't have gone out after dark by himself.,টমের অন্ধকারের মধ্যে একলা একলা বেড়ানো উচিৎ হয় নি।
Tom was reading the newspaper when Mary walked in.,টম যখন খবরের কাগজ পড়ছিল তখন মেরি ঘরে ঢুকল।
We might as well stay here until it stops hailing.,এটা ভালভাবে শেষ না হওয়া পর্যন্ত আমরা এখানে থাকতে পারি।
Where is the boarding gate for Japan Airlines 124?,জাপান এয়ারলাইন্সের ১২৪ নম্বর প্লেনএ ওঠার দরজাটা কোথায়?
Why don't you come to my place for dinner tonight?,তুমি আজ রাতে খাবারের জন্য আমার বাসায় আসো না কেন?
You're not the only one here who can speak French.,আপনি এখানে একমাত্র ব্যক্তি নন যিনি ফরাসি বলতে পারেন।
You're one of the most generous people I ever met.,আপনি আমার দেখা সবচেয়ে উদার মানুযদের মধ্যে একজন।
Don't you think that Tom is a little young for you?,আপনার মনে হয় না টম আপনার পক্ষে একটু ছোট?
"Excuse me, does this train go to Washington Square?","একটু শুনবেন, এই ট্রেনটা কি ওয়াশিংটন স্কোয়ার অবধি যায়?"
How long does it take to the train station by taxi?,এখান থেকে ট্যাক্সি করে ট্রেন স্টেশন যেতে কতক্ষণ লাগে?
How many Christmas cards did you receive last year?,তুমি গত বছর কতগুলো খ্রিস্টমাস কার্ড পেয়েছিলে?
How much do you know about artificial intelligence?,আপনি কৃত্রিম বুদ্ধিমত্তা সম্পর্কে কতটা জানেন?
How old were your kids when you moved to Australia?,আপনি অস্ট্রেলিয়ায় চলে যাওয়ার সময় আপনার সন্তানদের বয়স কত ছিল?
I don't think Tom has met either of Mary's sisters.,আমার মনে হয় না টম মেরির কোনো বোনের সাথে সাক্ষাৎ করেছে।
I don't want to get involved in that sort of thing.,আমি এইসমস্ত ব্যাপারে নিজেকে জড়াতে চাই না।
I think that that's why Tom didn't want to do that.,আমার মনে হয় একারণেই টম ওটা করতে চায়নি।
I want to know why you're not working here anymore.,আমি জানতে চাই কেন আপনি এখানে আর কাজ করছেন না।
It's good to see that our efforts were not in vain.,এটা দেখে ভালো লাগছে যে আমাদের প্রচেষ্টা বৃথা যায়নি।
She can sing better than anybody else in her class.,সে তার ক্লাসের অন্য সবার চেয়ে ভালো গান গাইতে পারে।
There's no way I'm leaving you here alone with Tom.,আমি কোনমতেই তোমাকে এখানে টমের সাথে একলা ছেড়ে রেখে যেতে পারবো না।
"To tell the truth, I don't like his way of talking.",সত্যি বলতে কী তার কথা বলার ধরণ আমার পছন্দ হয়নি।
Tom is very methodical in the way he does his work.,টম নিজের কাজের পদ্ধতিতে বেশ নিয়মনিষ্ঠ।
Tom looked like he was going to start crying again.,টম দেখে মনে হল সে আবার কাঁদতে শুরু করবে।
Tom picked up the newspaper and read the headlines.,টম খবরের কাগজটা তুলে নিয়ে শিরনামটা পড়ল।
Tom said he was at home on the night of the murder.,টম বলেছিল যে খুনের রাতে সে বাড়িতে ছিল।
Valentine's Day is celebrated all around the world.,ভ্যালেন্টাইন ডে সারা পৃথিবী জুড়ে পালন করা হয়।
Which is the most populated continent in the world?,বিশ্বের সবচেয়ে জনবহুল মহাদেশ কোনটি?
Wikipedia is the best encyclopedia on the Internet.,উইকিপিডিয়া হলো ইন্টারনেটে সবচেয়ে সেরা বিশ্বকোষ।
Would you go to Australia if you had the chance to?,সুযোগ পেলে অস্ট্রেলিয়া কি যাবেন?
Did you keep her picture because you still love her?,আপনি কি এই জন্য তার ছবি রেখেছেন কারণ আপনি এখনও তাকে ভালোবাসেন?
How could you leave a four-year-old child all alone?,তুমি কি করে একটা চার বছর বয়সের বাচ্চাকে একলা ফেলে রেখে যেতে পারো?
How do I explain it so that everyone understands it?,আমি এটাকে কিভাবে ব্যাখ্যা করব যাতে সবাই এটা বুঝতে পারে?
It is often said that sweets are bad for your teeth.,এটা প্রায়ই বলা হয় যে মিষ্টি আপনার দাঁতের জন্য ক্ষতিকর।
People should understand that the world is changing.,মানুষের বোঝা উচিৎ যে পৃথিবী বদলাচ্ছে।
The Internet is an invaluable source of information.,ইন্টারনেট তথ্যের একটি অমূল্য উৎস।
"The capital of Australia is Canberra, not Melbourne.","অস্ট্রেলিয়ার রাজধানী ক্যানবেরা, মেলবোর্ন নয়।"
The problem is whether my parents will agree or not.,সমস্যা হলো আমার বাবা মা রাজি হবে কি না।
There is not much doubt about the cause of the fire.,আগুন লাগার কারণ নিয়ে খুব একটা সন্দেহ নেই।
They need help to understand their office equipment.,তাদের অফিস সরঞ্জাম বুঝতে সাহায্য প্রয়োজন।
Tom is the one who convinced Mary to try to do that.,টম মেরিকে ওটা করার জন্য রাজি করিয়েছে।
A beautiful woman like you shouldn't be eating alone.,আপনার মতো সুন্দরি মহিলার একা খাওয়া উচিৎ নয়।
Did you read the editorial I wrote for the newspaper?,পত্রিকার জন্য আমি যে সম্পাদকীয় লিখেছিলাম সেটা কি আপনি পড়েছেন?
"For me, money isn't the most important thing in life.",আমার কাছে অর্থ জীবনের সবচেয়ে গুরুত্বপূর্ণ জিনিস নয়।
How much money do you think Tom will need to do that?,এটা করতে টমের কত টাকা লাগবে বলে আপনি মনে করেন?
I didn't want to leave before the work was completed.,কাজ শেষ হওয়ার আগে আমি চলে যেতে চাইনি।
I hope I have enough money to buy everything we need.,আশা করি আমাদের যা প্রয়োজন তা কেনার মতো পর্যাপ্ত টাকা আমার আছে।
I never realized how awful living all alone could be.,একা থাকাটা কতটা ভয়াবহ হতে পারে সেটা আমি কখনো উপলব্ধিই করিনি।
I'm pretty sure Tom has never been a patient of mine.,আমি নিশ্চিত যে টম কখনই আমার রোগী ছিল না।
Is there any possibility that he'll win the election?,উনি যে নির্বাচনটা জিতবেন তেমনকি কোনো সম্ভাবনা আছে?
It goes without saying that health is very important.,এটা বলার প্রয়োজন নেই যে স্বাস্থ্য অনেক গুরুত্বপূর্ণ।
It will be a long time before he has fully recovered.,তার পুরোপুরি সুস্থ হতে অনেক সময় লাগবে।
My mother goes to the market every day to buy things.,আমার মা প্রত্যেকদিন বাজারে যায় জিনিস কিনতে।
She needed the entire afternoon to complete the work.,কাজটি শেষ করতে তার পুরো বিকেলের প্রয়োজন ছিল।
The beginning is the most important part of the work.,কোনো কাজের সবচেয়ে গুরুত্বপূর্ণ অংশ হলো কাজটি শুরু করা।
Tom thought Mary would be present at today's meeting.,টম ভেবেছিল আজকের মিটিংয়ে মেরি উপস্থিত থাকবে।
"We'll just have to ask Tom to do it for us, won't we?","আমাদের খালি টমকে আমাদের হয়ে এই কাজটা করে দিতে বলতে হবে, তাই না?"
What time does the shuttle bus leave for the airport?,শাটেল বাসটা এয়ারপোর্টের জন্য কটায় ছাড়ে?
When was the last time you heard Tom speaking French?,শেষ কবে আপনি টমকে ফরাসি বলতে শুনেছেন?
"When you can't do what you want, you do what you can.","তুমি যেটা চাও সেটা যখন করতে পারো না, তখন সেটাই করো যেটা তুমি পারো।"
You should think about everything I've just told you.,আমি তোমাকে যা বলেছি তার সবকিছু নিয়ে তোমার ভাবা উচিত।
You'll have to wait at least an hour to get a ticket.,টিকিট পেতে হলে আপনাকে অন্তত এক ঘন্টা অপেক্ষা করতে হবে।
You're probably wondering how I found out about that.,আপনি হয়তো ভাবছেন আমি কি করে ওই ব্যাপারটা জানতে পারলাম।
All our problems would go away if we just ignore them.,আমাদের সমস্ত সমস্যা দূর হয়ে যাবে যদি আমরা তাদের উপেক্ষা করি।
He couldn't overcome the desire for another cigarette.,আরেকটা সিগারেটের আকাঙ্ক্ষা সে কাটিয়ে উঠতে পারেনি।
I'm going to have plenty of time to do that next week.,পরের সপ্তাহে সেটা করার জন্য আমি পর্যাপ্ত সময় পাবো।
In the beginning God created the heaven and the earth.,আদিতে ঈশ্বর স্বর্গ ও পৃথিবী সৃষ্টি করেছেন।
"Obviously, Tom hasn't told anyone about what happened.",স্পষ্টতই টম কাউকেই বলেনি কি ঘটেছিল।
Please bring us two cups of tea and one cup of coffee.,অনুগ্রহ করে আমাদের জন্য দু কাপ চা আর এক কাপ কফি নিয়ে আসবেন।
Tom said Mary had given him permission to leave early.,টম বলল যে মেরি তাকে তাড়াতাড়ি চলে যাওয়ার অনুমতি দিয়েছিল।
Tom wasn't given the chance that you and I were given.,টমকে সেই সুযোগ দেওয়া হয়নি যেটা তোমাকে এবং আমাকে দেওয়া হয়েছিল।
We celebrated our tenth wedding anniversary yesterday.,আমরা গতকাল আমাদের দশম বিবাহ বার্ষিকী উদযাপন করেছি।
A lot of people say Tom is the best player on our team.,অনেকেই বলে যে টম আমাদের দলের সব থেকে ভালো খেলোয়ার।
"Because of that virus, many elephants lost their lives.",ওই ভাইরাসের কারণে অনেক হাতি তাদের জীবন হারিয়েছে।
"From the look of the sky, it may begin to snow tonight.",আকাশ দেখে মনে হচ্ছে আজ রাতে বরফ পরা শুরু হতে পারে।
How old were your children when you moved to Australia?,আপনি অস্ট্রেলিয়ায় চলে যাওয়ার সময় আপনার সন্তানদের বয়স কত ছিল?
"In the future, many workers will be replaced by robots.",ভবিষ্যতে অনেক শ্রমিক রোবট দ্বারা প্রতিস্থাপিত হবে।
People who live in glass houses shouldn't throw stones.,যারা কাঁচের ঘরে থাকে তাদের পাথর ছোড়া উচিত নয়।
The man attacked her with the intention of killing her.,ওই ব্যক্তি তাকে হত্যার উদ্দেশ্য নিয়ে তার ওপর হামলা চালায়।
Those who live in glass houses should not throw stones.,কাঁচের ঘরে যারা থাকে তাদের ঢিল ছোড়া উচিৎ নয়।
Tom picked up the broken pieces of glass off the floor.,টম মাটি থেকে ভাঙ্গা কাঁচের টুকরোগুলো তুললো।
You're the only person I know who doesn't like bananas.,আপনিই আমার জানা একমাত্র লোক যিনি কলা পছন্দ করেন না।
How long did it take you to recover from your operation?,আপনার অস্ত্রোপচারের পরে সুস্থ হতে কত সময় লেগেছিল?
I don't think that Tom has met either of Mary's sisters.,আমার মনে হয় না টম মেরির কোনো বোনের সাথে সাক্ষাৎ করেছে।
I just want to make you as happy as you want to make me.,তুমি আমাকে যেমন খুশি করতে চাও আমি তোমাকে ঠিক তেমন খুশি করতে চাই।
I'd like to give Tom something special for his birthday.,আমি টমকে তার জন্মদিনে বিশেষ কিছু দিতে চাই।
It wasn't until I heard him speak that I recognized him.,আমি ওনার কথা শোনার আগে পর্যন্ত ওনাকে চিনতে পারিনি।
The Euro is the official currency of the European Union.,ইউরো হলো ইউরোপীয় ইউনিয়নের সরকারী মুদ্রা।
Tom thought that the amulet would protect him from harm.,টম ভাবলেন যে তাবিজটা ওনাকে ক্ষতির হাত থেকে বাঁচাবে।
"When will you be back? ""It all depends on the weather.""","আপনি কখন ফিরবেন? ""সবকিছুই আবহাওয়ার উপর নির্ভর করছে।"""
Actinium was discovered by André-Louis Debierne in 1899.,আন্দ্রে-লুই ডেবিয়ার্ন ১৮৯৯ সালে অ্যাক্টিনিয়াম আবিষ্কার করেন।
Everyone would like to believe that dreams can come true.,সবাই বিশ্বাস করতে চায় যে স্বপ্ন সত্যি হতে পারে।
I'm probably not the only one who didn't want to do that.,সম্ভবত আমি একা নই যে ওটা করতে চায়নি।
"I'm really hungry, but I can't decide what I want to eat.","আমার খুব খিদে পেয়েছে, কিন্তু আমি ঠিক করতে পারছি না কি খাব।"
My elbow really hurts. I guess I should go to a hospital.,আমার কনুই খুব ব্যাথা করছে। আমার মনে হয় আমার হাসপাতালে যাওয়া উচিৎ।
Tom doesn't have to worry. Nothing bad's going to happen.,টমের চিন্তা করার দরকার নেই। খারাপ কিছু হবে না।
Tom seems to be able to sense when someone is in trouble.,অন্য কেউ অসুবিধায় পড়লে টম মনে হয় বুঝতে পারে।
"An hour has sixty minutes, and a minute has sixty seconds.","এক ঘন্টায় ষাট মিনিট হয়, আর এক মিনিটে ষাট সেকেন্ড।"
How long has it been since you received a letter from him?,আপনি উনার কাছে থেকে কোনো চিঠি পাওয়ার কতদিন হয়েছে?
I saw Mary sitting in front of a mirror brushing her hair.,মেরিকে আয়নার সামনে বসে চুল আঁচড়াতে দেখলাম।
"I would've liked to come with you, but I didn't have time.","আমি আপনার সাথে যেতে পারতাম, কিন্তু আমার সময় ছিল না।"
I'm pretty sure that Tom has never been a patient of mine.,আমি নিশ্চিত যে টম কখনই আমার রোগী ছিল না।
The most important thing you can do now is to remain calm.,এখন সব থেকে জরুরি কাজ যেটা করতে পারেন সেটা হলো শান্ত থাকা।
There are still a few more things that I need to tell you.,আরো কিছু জিনিস আছে যা আমার আপনাকে বলতে হবে।
They announced the date of their wedding in the newspaper.,পত্রিকায় বিয়ের তারিখ ঘোষণা করেছিলেন তারা।
"You do what you have to do, and I'll do what I have to do.",তোমার যা করতে হবে তুমি তাই করো আর আমার যা করতে হবে আমি তা করবো।
"Can I help you? ""No, thank you. I'm just looking around.""","আমি কি আপনাকে কোনো সাহায্য করতে পারি? ""না, ধন্যবাদ। আমি খালি একটু ঘুরে দেখছি।"""
"Generally speaking, men are physically stronger than women.",সাধারণভাবে বলতে গেলে পুরুষরা শারীরিকভাবে নারীদের চেয়ে বেশি শক্তিশালী।
"I'd like to do it, but unfortunately I don't have the time.","আমার এটা করার ইচ্ছা রয়েছে, কিন্তু দুর্ভাগ্যক্রমে আমার হাতে সময় নেই।"
"If you help me learn English, I'll help you learn Japanese.","আপনি যদি আমাকে ইংরেজি শিখতে সাহায্য করেন, আমি আপনাকে জাপানি শিখতে সাহায্য করবো।"
The app won't work if you're not connected to the Internet.,আপনি ইন্টারনেটের সাথে সংযুক্ত না থাকলে অ্যাপটি কাজ করবে না।
The police are looking for the person who stole my bicycle.,যে ব্যক্তি আমার সাইকেল চুরি করেছে পুলিশ তাকে খুঁজছে।
"Tom and Mary were alone in the hall, talking to each other.","টম আর মেরি হলে একলা ছিলো, নিজেদের মধ্যে কথা বলছিলো।"
Tom couldn't understand why no one else seemed to be happy.,টম বুঝতেই পারছিলো না যে অন্য কেউই খুশি ছিলো না।
Tom said that Mary had given him permission to leave early.,টম বলল যে মেরি তাকে তাড়াতাড়ি চলে যাওয়ার অনুমতি দিয়েছিল।
Tom thought that the amulet would protect him from witches.,টম ভাবলেন যে তাবিজটা ওনাকে ডাইনিদের হাত থেকে বাঁচাবে।
Work is a very important part of life in the United States.,কাজ মার্কিন যুক্তরাষ্ট্রে জীবনের একটি অত্যন্ত গুরুত্বপূর্ণ অংশ।
"Are you going somewhere this evening, or are you staying in?",আপনি কি আজ সন্ধ্যায় কোথাও যাচ্ছেন না কি বাড়িতেই অবস্থান করছেন?
"Because of the heavy fog, not a single person could be seen.",ভারী কুয়াশার জন্য একজনকেও দেখা যাচ্ছিলো না।
How often are you able to play volleyball with your friends?,কত ঘন ঘন আপনি আপনার বন্ধুদের সাথে ভলিবল খেলতে সক্ষম?
"I understand the sentence, but I'm not able to translate it.","আমি বাক্যটার মানে বুঝতে পারছি, কিন্তু অনুবাদ করতে পারছি না।"
"I would have liked to come with you, but I didn't have time.","আমি আপনার সাথে যেতে পারতাম, কিন্তু আমার সময় ছিল না।"
I'd like to change my reservation from three to five nights.,আমি সংরক্ষণটি তিন দিন থেকে পাঁচ দিনে পালটাতে চাই।
It makes no difference to me whether you get married or not.,আপনি বিয়ে করেছেন কি করছেন না তাতে আমার কিছু যায় আসে না।
The news of her sudden death came like a bolt from the blue.,তার মৃত্যুর সংবাদটি সম্পূর্ণ অপ্রত্যাশিত ছিল।
"The train arrived on time, so we didn't have to wait at all.","ট্রেনটা সময় মতোই এসেছিলো, তাই আমাদের একদমই অপেক্ষা করতে হয়নি।"
Tom likes to be busy and hates sitting around doing nothing.,টম ব্যস্ত থাকতে পছন্দ করে আর কিছু না করে চুপচাপ বসে থাকতে একদম পছন্দ করে না।
"What's going on in the cave? I'm curious. ""I have no idea.""","গুহার ভেতর কি হচ্ছে? আমি জানার জন্য উৎসুক হয়ে আছি। ""আমার কোনো ধারণা নেই।"""
A fire broke out last night and three houses were burnt down.,গতকাল রাতে আগুন লেগে তিনটি বাড়ি পুড়ে যায়।
I wasn't surprised when Tom told me I didn't have to do that.,যখন টম আমায় বলেছিল যে আমাকে সেটা করতে হতো না তখন আমি অবাক হইনি।
"If he had taken his doctor's advice, he might still be alive.","উনি যদি ওনার ডাক্তারের পরামর্শ মানতেন, তাহলে হয়তো এখনো বেঁচে থাকতেন।"
It irritates Tom when Mary leaves the cap off the toothpaste.,মেরি টুথপেস্টের ঢাকনা খুলে রাখলে টম বিরক্ত হয়ে যায়।
Tom and I are planning on going to a movie together tomorrow.,টম এবং আমি আগামীকাল একসাথে একটি চলচ্চিত্র দেখতে যাওয়ার পরিকল্পনা করছি।
Tom is still planning to have a party the day after tomorrow.,টম এখনও পরশু একটি পার্টি করার পরিকল্পনা করছে।
"What's happening in the cave? I'm curious. ""I have no idea.""","গুহার ভেতর কি হচ্ছে? আমি জানার জন্য উৎসুক হয়ে আছি। ""আমার কোনো ধারণা নেই।"""
"If it had not been for your help, my father would have failed.",তোমার সাহায্য ছাড়া আমার বাবা ব্যর্থ হতেন।
"I give up. No matter what I do, you never seem to be satisfied.","আমি হাল ছেড়ে দিলাম। আমি যাইই করি না কেন, আপনাকে দেখে কখনই সন্তুষ্ট বলে মনে হয় না।"
I missed my stop. How long does it take to reach the next stop?,আমি আমার নামার জায়গাটা ছাড়িয়ে এসেছি। পরের স্টপটি পৌছাতে আর কতক্ষন লাগবে?
This tape recorder will make it easier for us to learn English.,এই টেপ রেকর্ডারটা আমাদের ইংরাজি শেখা সহজ করে দেবে।
I want to go to Australia once again before my passport expires.,আমার পাসপোর্টের মেয়াদ শেষ হওয়ার আগে আমি আবার অস্ট্রেলিয়া যেতে চাই।
This book is for students whose native language is not Japanese.,এই বইটি সেই সমস্ত ছাত্রছাত্রীদের জন্য যাদের মাতৃভাষা জাপানী নয়।
"Tom took shelter under the tree, hoping he wouldn't get too wet.",টম গাছের নিচে আশ্রয় নিল এই আশায় যে সে বেশি ভিজে যাবে না।
I don't think anyone would want to see that movie more than once.,আমার মনে হয় না যে কেউ একবারের বেশি সিনেমাটি দেখতে চাইবে।
This is like fighting someone with one arm tied behind your back.,এটা ঠিক যেন এক হাত পিছোনে বেঁধে কারুর সাথে লড়াই করার মতো ব্যপার।
"When I was thirteen, someone told me I was really good at French.",আমার যখন তেরো বছর বয়স তখন আমাকে কেউ একজন বলেছিলো যে আমি নাকি ফরাসিতে খুব ভালো।
"Anyway, if it just stops raining, then we might be able to go out.","যাই হোক, যদি বৃষ্টি থামে, তাহলে আমরা হয়ত বাইরে বেরোতে পারবো।"
Four hundred million people speak English as their first language.,চল্লিশ কোটি মানুষ তাদের প্রথম ভাষা হিসাবে ইংরেজী বলে।
I don't think anybody would want to see that movie more than once.,আমার মনে হয় না যে কেউ একবারের বেশি সিনেমাটি দেখতে চাইবে।
It took me more than two hours to translate a few pages of English.,কয়েক পাতা ইংরাজি অনুবাদ করতে আমার দু ঘন্টারও বেশি সময় লেগেছিলো।
Tom was reading the sports page when Mary came into the living room.,টম যখন খেলার পাতাটা পড়ছিল তখন মেরি বসার ঘরে ঢুকল।
Our blood contains five million red blood cells per cubic millimeter.,আমাদের রক্তে প্রতি ঘন মিলিমিটারে পাঁচ মিলিয়ন লোহিত রক্তকণিকা রয়েছে।
A lot of buildings collapsed in Japan due to the earthquake yesterday.,গতকালের ভূমিকম্পে জাপানে অনেক ভবন ধসে পড়েছে।
"Because of the heavy fog, we could barely see the road in front of us.",ঘন কুয়াশার কারণে সামনের রাস্তাটা দেখা যাচ্ছিল না।
I don't think that anyone would want to see that movie more than once.,আমার মনে হয় না যে কেউ একবারের বেশি সিনেমাটি দেখতে চাইবে।
I was surprised Tom didn't want to do what everyone else wanted to do.,আমি অবাক হয়েছিলাম যে টম অন্য সবাই যা করতে চায় তা করতে চায়নি।
"It's grammatically correct, but a native speaker would never say that.",ব্যাকরণগত দিক দিয়ে এটি সঠিক হলেও স্থানীয় লোকজন এটা বলে না।
I don't think that anybody would want to see that movie more than once.,আমার মনে হয় না যে কেউ একবারের বেশি সিনেমাটি দেখতে চাইবে।
I was surprised Tom didn't want to do what everybody else wanted to do.,আমি অবাক হয়েছিলাম যে টম অন্য সবাই যা করতে চায় তা করতে চায়নি।
Tom seemed genuinely surprised when I told him that Mary had left town.,আমি যখন বললাম যে মেরি শহর ছেড়ে চলে গেছে টমকে দেখে সত্যিই বিস্মিত মনে হয়েছিলো।
I can place the palms of my hands on the floor without bending my knees.,আমি হাঁটু ভাজ না করে হাতের পাতা মাটিতে রাখতে পারি।
Tom stopped talking as soon as he noticed Mary wasn't listening anymore.,টম যখন দেখলো যে মেরি আর কথা শুনছে না তখন সে সঙ্গে সঙ্গে কথা বন্ধ করে দিলো।
Nepal is currently the only country with a non-rectangular national flag.,নেপালই একমাত্র দেশ যার জাতীয় পতকা আয়তাকার না।
I was surprised that Tom didn't want to do what everyone else wanted to do.,আমি অবাক হয়েছিলাম যে টম অন্য সবাই যা করতে চায় তা করতে চায়নি।
"If you had left a little earlier, you would have avoided the heavy traffic.",আপনি আরেকটু আগে রওনা দিলে এত ট্রাফিক এড়াতে পারতেন।
"Since Tom was speaking in French, I couldn't understand what he was saying.","টম যেহেতু ফরাসি ভাষায় কথা বলছিলো, আমি ওর কথা কিছুই বুঝতে পারছিলাম না।"
Tom lives in a small apartment with his parents and three younger brothers.,টম তার বাবা-মা এবং তিন ছোট ভাইয়ের সাথে একটি ছোট অ্যাপার্টমেন্টে থাকে।
I was surprised that Tom didn't want to do what everybody else wanted to do.,আমি অবাক হয়েছিলাম যে টম অন্য সবাই যা করতে চায় তা করতে চায়নি।
One of the disadvantages of living alone is that you have no one to talk to.,একা থাকার একটা অসুবিধে হোলো যে কথা বলার মতো কেউ থাকে না।
"With all your money, you should be able to buy just about anything you want.",আপনার সমস্ত অর্থ দিয়ে আপনি যা চান তা কিনতে সক্ষম হওয়া উচিত।
It's so hot outside that I want to spend all day in my air conditioned house.,বাইরে এতই গরম যে আমি পুরোদিন আমার শীততাপ নিয়ন্ত্রিত বাড়িতে থাকতে চাই।
The sun rises in the east in the morning and sets in the west in the evening.,সকালে সূর্য পূর্ব দিকে ওঠে এবং সন্ধ্যায় পশ্চিমে অস্ত যায়।
I heard they found a skeleton buried in the basement of a house on Park Street.,আমি শুনলাম যে তাঁরা পার্ক স্ট্রিটের একটা বাড়ির ভিতের মধ্যে থেকে একটা কঙ্কাল পেয়েছেন।
Tom seemed quite surprised when he heard that Mary and John had gotten married.,টম যখন শুনলো যে মেরি আরে জন বিয়ে করেছে তখন তাকে দেখে বেশ অবাক মনে হয়েছিলো।
I think it's highly unlikely that Tom will be allowed to keep the gold that he found.,আমার মনে হয় টম যে সোনা পেয়েছে সেটা তার কাছে রাখতে দেওয়া হবে এমন সম্ভাবনা খুব কম।
"Tom told Mary that he was going to kill himself, but he didn't have the courage to do it.","টম মেরিকে বললো যে ও নিজেকে হত্যা করতে চলেছিলো, কিন্ত তা করার মতো সাহস ছিলো না।"
Tom's an irritating person to work with because he'll never admit it when he's made a mistake.,টমের সঙ্গে কাজ করা খুব বিরক্তিকর কারণ ও কখনই মেনে নেয় না যে ও ভুল করেছে।
"I thought doing this would be easy, but we've been working all day and we're still not finished.","আমি ভেবেছিলাম এটা করা সহজ হবে, কিন্তু আমরা সারাদিন ধরে কাজ করেছি আর এখনো শেষ করে উঠতে পারিনি।"
"I thought that doing this would be easy, but we've been working all day and we're still not finished.","আমি ভেবেছিলাম এটা করা সহজ হবে, কিন্তু আমরা সারাদিন ধরে কাজ করেছি আর এখনো শেষ করে উঠতে পারিনি।"
"January, February, March, April, May, June, July, August, September, October, November and December are the twelve months of the year.","বছরের বারোটা মাস হলো জানুয়ারি, ফেব্রুয়ারি, মার্চ, এপ্রিল, মে, জুন জুলাই, আগস্ট, সেপ্টেম্বর, অক্টোবর, নভেম্বর আর ডিসেম্বর।"
