[
{"Tracking Mofa General - Order Num → Start Time":"September 1, 2024 - September 7, 2024","Country Mapping - Country Map → Name En":"Bangladesh","Count":"1019"},
{"Tracking Mofa General - Order Num → Start Time":"September 1, 2024 - September 7, 2024","Country Mapping - Country Map → Name En":"Burundi","Count":"36"},
{"Tracking Mofa General - Order Num → Start Time":"September 1, 2024 - September 7, 2024","Country Mapping - Country Map → Name En":"Egypt","Count":"613"},
{"Tracking Mofa General - Order Num → Start Time":"September 1, 2024 - September 7, 2024","Country Mapping - Country Map → Name En":"Ethiopia","Count":"1998"},
{"Tracking Mofa General - Order Num → Start Time":"September 1, 2024 - September 7, 2024","Country Mapping - Country Map → Name En":"India","Count":"2098"},
{"Tracking Mofa General - Order Num → Start Time":"September 1, 2024 - September 7, 2024","Country Mapping - Country Map → Name En":"Indonesia","Count":"1"},
{"Tracking Mofa General - Order Num → Start Time":"September 1, 2024 - September 7, 2024","Country Mapping - Country Map → Name En":"Kenya","Count":"569"},
{"Tracking Mofa General - Order Num → Start Time":"September 1, 2024 - September 7, 2024","Country Mapping - Country Map → Name En":"Pakistan","Count":"1270"},
{"Tracking Mofa General - Order Num → Start Time":"September 1, 2024 - September 7, 2024","Country Mapping - Country Map → Name En":"Philippines","Count":"1963"},
{"Tracking Mofa General - Order Num → Start Time":"September 1, 2024 - September 7, 2024","Country Mapping - Country Map → Name En":"Sierra Leone","Count":"21"},
{"Tracking Mofa General - Order Num → Start Time":"September 1, 2024 - September 7, 2024","Country Mapping - Country Map → Name En":"Somalia","Count":"4"},
{"Tracking Mofa General - Order Num → Start Time":"September 1, 2024 - September 7, 2024","Country Mapping - Country Map → Name En":"Sri Lanka","Count":"285"},
{"Tracking Mofa General - Order Num → Start Time":"September 1, 2024 - September 7, 2024","Country Mapping - Country Map → Name En":"Tanzania","Count":"1"},
{"Tracking Mofa General - Order Num → Start Time":"September 1, 2024 - September 7, 2024","Country Mapping - Country Map → Name En":"Thailand","Count":"1"},
{"Tracking Mofa General - Order Num → Start Time":"September 1, 2024 - September 7, 2024","Country Mapping - Country Map → Name En":"Uganda","Count":"672"},
{"Tracking Mofa General - Order Num → Start Time":"September 1, 2024 - September 7, 2024","Country Mapping - Country Map → Name En":"Viet Nam","Count":"1"},
{"Tracking Mofa General - Order Num → Start Time":"September 1, 2024 - September 7, 2024","Country Mapping - Country Map → Name En":"Yemen","Count":"472"},
{"Tracking Mofa General - Order Num → Start Time":"September 8, 2024 - September 14, 2024","Country Mapping - Country Map → Name En":"Bangladesh","Count":"1117"},
{"Tracking Mofa General - Order Num → Start Time":"September 8, 2024 - September 14, 2024","Country Mapping - Country Map → Name En":"Burundi","Count":"199"},
{"Tracking Mofa General - Order Num → Start Time":"September 8, 2024 - September 14, 2024","Country Mapping - Country Map → Name En":"Egypt","Count":"1049"},
{"Tracking Mofa General - Order Num → Start Time":"September 8, 2024 - September 14, 2024","Country Mapping - Country Map → Name En":"Ethiopia","Count":"6000"},
{"Tracking Mofa General - Order Num → Start Time":"September 8, 2024 - September 14, 2024","Country Mapping - Country Map → Name En":"Ghana","Count":"1"},
{"Tracking Mofa General - Order Num → Start Time":"September 8, 2024 - September 14, 2024","Country Mapping - Country Map → Name En":"India","Count":"2929"},
{"Tracking Mofa General - Order Num → Start Time":"September 8, 2024 - September 14, 2024","Country Mapping - Country Map → Name En":"Indonesia","Count":"1"},
{"Tracking Mofa General - Order Num → Start Time":"September 8, 2024 - September 14, 2024","Country Mapping - Country Map → Name En":"Kenya","Count":"890"},
{"Tracking Mofa General - Order Num → Start Time":"September 8, 2024 - September 14, 2024","Country Mapping - Country Map → Name En":"Pakistan","Count":"2853"},
{"Tracking Mofa General - Order Num → Start Time":"September 8, 2024 - September 14, 2024","Country Mapping - Country Map → Name En":"Philippines","Count":"2819"},
{"Tracking Mofa General - Order Num → Start Time":"September 8, 2024 - September 14, 2024","Country Mapping - Country Map → Name En":"Sierra Leone","Count":"4"},
{"Tracking Mofa General - Order Num → Start Time":"September 8, 2024 - September 14, 2024","Country Mapping - Country Map → Name En":"Somalia","Count":"11"},
{"Tracking Mofa General - Order Num → Start Time":"September 8, 2024 - September 14, 2024","Country Mapping - Country Map → Name En":"Sri Lanka","Count":"403"},
{"Tracking Mofa General - Order Num → Start Time":"September 8, 2024 - September 14, 2024","Country Mapping - Country Map → Name En":"Tanzania","Count":"13"},
{"Tracking Mofa General - Order Num → Start Time":"September 8, 2024 - September 14, 2024","Country Mapping - Country Map → Name En":"Thailand","Count":"2"},
{"Tracking Mofa General - Order Num → Start Time":"September 8, 2024 - September 14, 2024","Country Mapping - Country Map → Name En":"Uganda","Count":"987"},
{"Tracking Mofa General - Order Num → Start Time":"September 8, 2024 - September 14, 2024","Country Mapping - Country Map → Name En":"Viet Nam","Count":"16"},
{"Tracking Mofa General - Order Num → Start Time":"September 8, 2024 - September 14, 2024","Country Mapping - Country Map → Name En":"Yemen","Count":"1101"},
{"Tracking Mofa General - Order Num → Start Time":"September 15, 2024 - September 21, 2024","Country Mapping - Country Map → Name En":"Bangladesh","Count":"2529"},
{"Tracking Mofa General - Order Num → Start Time":"September 15, 2024 - September 21, 2024","Country Mapping - Country Map → Name En":"Burundi","Count":"309"},
{"Tracking Mofa General - Order Num → Start Time":"September 15, 2024 - September 21, 2024","Country Mapping - Country Map → Name En":"Egypt","Count":"1750"},
{"Tracking Mofa General - Order Num → Start Time":"September 15, 2024 - September 21, 2024","Country Mapping - Country Map → Name En":"Ethiopia","Count":"7244"},
{"Tracking Mofa General - Order Num → Start Time":"September 15, 2024 - September 21, 2024","Country Mapping - Country Map → Name En":"India","Count":"3059"},
{"Tracking Mofa General - Order Num → Start Time":"September 15, 2024 - September 21, 2024","Country Mapping - Country Map → Name En":"Kenya","Count":"1358"},
{"Tracking Mofa General - Order Num → Start Time":"September 15, 2024 - September 21, 2024","Country Mapping - Country Map → Name En":"Pakistan","Count":"3322"},
{"Tracking Mofa General - Order Num → Start Time":"September 15, 2024 - September 21, 2024","Country Mapping - Country Map → Name En":"Philippines","Count":"3328"},
{"Tracking Mofa General - Order Num → Start Time":"September 15, 2024 - September 21, 2024","Country Mapping - Country Map → Name En":"Sierra Leone","Count":"3"},
{"Tracking Mofa General - Order Num → Start Time":"September 15, 2024 - September 21, 2024","Country Mapping - Country Map → Name En":"Somalia","Count":"27"},
{"Tracking Mofa General - Order Num → Start Time":"September 15, 2024 - September 21, 2024","Country Mapping - Country Map → Name En":"Sri Lanka","Count":"379"},
{"Tracking Mofa General - Order Num → Start Time":"September 15, 2024 - September 21, 2024","Country Mapping - Country Map → Name En":"Tanzania","Count":"5"},
{"Tracking Mofa General - Order Num → Start Time":"September 15, 2024 - September 21, 2024","Country Mapping - Country Map → Name En":"Thailand","Count":"3"},
{"Tracking Mofa General - Order Num → Start Time":"September 15, 2024 - September 21, 2024","Country Mapping - Country Map → Name En":"Uganda","Count":"1374"},
{"Tracking Mofa General - Order Num → Start Time":"September 15, 2024 - September 21, 2024","Country Mapping - Country Map → Name En":"Viet Nam","Count":"16"},
{"Tracking Mofa General - Order Num → Start Time":"September 15, 2024 - September 21, 2024","Country Mapping - Country Map → Name En":"Yemen","Count":"1226"},
{"Tracking Mofa General - Order Num → Start Time":"September 22, 2024 - September 28, 2024","Country Mapping - Country Map → Name En":"Bangladesh","Count":"1660"},
{"Tracking Mofa General - Order Num → Start Time":"September 22, 2024 - September 28, 2024","Country Mapping - Country Map → Name En":"Burundi","Count":"189"},
{"Tracking Mofa General - Order Num → Start Time":"September 22, 2024 - September 28, 2024","Country Mapping - Country Map → Name En":"Egypt","Count":"1071"},
{"Tracking Mofa General - Order Num → Start Time":"September 22, 2024 - September 28, 2024","Country Mapping - Country Map → Name En":"Ethiopia","Count":"4633"},
{"Tracking Mofa General - Order Num → Start Time":"September 22, 2024 - September 28, 2024","Country Mapping - Country Map → Name En":"India","Count":"1758"},
{"Tracking Mofa General - Order Num → Start Time":"September 22, 2024 - September 28, 2024","Country Mapping - Country Map → Name En":"Kenya","Count":"826"},
{"Tracking Mofa General - Order Num → Start Time":"September 22, 2024 - September 28, 2024","Country Mapping - Country Map → Name En":"Pakistan","Count":"1580"},
{"Tracking Mofa General - Order Num → Start Time":"September 22, 2024 - September 28, 2024","Country Mapping - Country Map → Name En":"Philippines","Count":"3218"},
{"Tracking Mofa General - Order Num → Start Time":"September 22, 2024 - September 28, 2024","Country Mapping - Country Map → Name En":"Sierra Leone","Count":"2"},
{"Tracking Mofa General - Order Num → Start Time":"September 22, 2024 - September 28, 2024","Country Mapping - Country Map → Name En":"Somalia","Count":"6"},
{"Tracking Mofa General - Order Num → Start Time":"September 22, 2024 - September 28, 2024","Country Mapping - Country Map → Name En":"Sri Lanka","Count":"381"},
{"Tracking Mofa General - Order Num → Start Time":"September 22, 2024 - September 28, 2024","Country Mapping - Country Map → Name En":"Tanzania","Count":"9"},
{"Tracking Mofa General - Order Num → Start Time":"September 22, 2024 - September 28, 2024","Country Mapping - Country Map → Name En":"Uganda","Count":"935"},
{"Tracking Mofa General - Order Num → Start Time":"September 22, 2024 - September 28, 2024","Country Mapping - Country Map → Name En":"Viet Nam","Count":"6"},
{"Tracking Mofa General - Order Num → Start Time":"September 22, 2024 - September 28, 2024","Country Mapping - Country Map → Name En":"Yemen","Count":"606"},
{"Tracking Mofa General - Order Num → Start Time":"September 29, 2024 - October 5, 2024","Country Mapping - Country Map → Name En":"Bangladesh","Count":"1972"},
{"Tracking Mofa General - Order Num → Start Time":"September 29, 2024 - October 5, 2024","Country Mapping - Country Map → Name En":"Burundi","Count":"261"},
{"Tracking Mofa General - Order Num → Start Time":"September 29, 2024 - October 5, 2024","Country Mapping - Country Map → Name En":"Egypt","Count":"1004"},
{"Tracking Mofa General - Order Num → Start Time":"September 29, 2024 - October 5, 2024","Country Mapping - Country Map → Name En":"Ethiopia","Count":"7678"},
{"Tracking Mofa General - Order Num → Start Time":"September 29, 2024 - October 5, 2024","Country Mapping - Country Map → Name En":"India","Count":"2398"},
{"Tracking Mofa General - Order Num → Start Time":"September 29, 2024 - October 5, 2024","Country Mapping - Country Map → Name En":"Kenya","Count":"816"},
{"Tracking Mofa General - Order Num → Start Time":"September 29, 2024 - October 5, 2024","Country Mapping - Country Map → Name En":"Pakistan","Count":"1976"},
{"Tracking Mofa General - Order Num → Start Time":"September 29, 2024 - October 5, 2024","Country Mapping - Country Map → Name En":"Philippines","Count":"3358"},
{"Tracking Mofa General - Order Num → Start Time":"September 29, 2024 - October 5, 2024","Country Mapping - Country Map → Name En":"Sierra Leone","Count":"1"},
{"Tracking Mofa General - Order Num → Start Time":"September 29, 2024 - October 5, 2024","Country Mapping - Country Map → Name En":"Somalia","Count":"15"},
{"Tracking Mofa General - Order Num → Start Time":"September 29, 2024 - October 5, 2024","Country Mapping - Country Map → Name En":"Sri Lanka","Count":"397"},
{"Tracking Mofa General - Order Num → Start Time":"September 29, 2024 - October 5, 2024","Country Mapping - Country Map → Name En":"Tanzania","Count":"19"},
{"Tracking Mofa General - Order Num → Start Time":"September 29, 2024 - October 5, 2024","Country Mapping - Country Map → Name En":"Thailand","Count":"1"},
{"Tracking Mofa General - Order Num → Start Time":"September 29, 2024 - October 5, 2024","Country Mapping - Country Map → Name En":"Uganda","Count":"772"},
{"Tracking Mofa General - Order Num → Start Time":"September 29, 2024 - October 5, 2024","Country Mapping - Country Map → Name En":"Viet Nam","Count":"22"},
{"Tracking Mofa General - Order Num → Start Time":"September 29, 2024 - October 5, 2024","Country Mapping - Country Map → Name En":"Yemen","Count":"1058"},
{"Tracking Mofa General - Order Num → Start Time":"October 6, 2024 - October 12, 2024","Country Mapping - Country Map → Name En":"Bangladesh","Count":"1633"},
{"Tracking Mofa General - Order Num → Start Time":"October 6, 2024 - October 12, 2024","Country Mapping - Country Map → Name En":"Burundi","Count":"217"},
{"Tracking Mofa General - Order Num → Start Time":"October 6, 2024 - October 12, 2024","Country Mapping - Country Map → Name En":"Egypt","Count":"1476"},
{"Tracking Mofa General - Order Num → Start Time":"October 6, 2024 - October 12, 2024","Country Mapping - Country Map → Name En":"Ethiopia","Count":"6176"},
{"Tracking Mofa General - Order Num → Start Time":"October 6, 2024 - October 12, 2024","Country Mapping - Country Map → Name En":"India","Count":"2427"},
{"Tracking Mofa General - Order Num → Start Time":"October 6, 2024 - October 12, 2024","Country Mapping - Country Map → Name En":"Kenya","Count":"924"},
{"Tracking Mofa General - Order Num → Start Time":"October 6, 2024 - October 12, 2024","Country Mapping - Country Map → Name En":"Pakistan","Count":"2678"},
{"Tracking Mofa General - Order Num → Start Time":"October 6, 2024 - October 12, 2024","Country Mapping - Country Map → Name En":"Philippines","Count":"3417"},
{"Tracking Mofa General - Order Num → Start Time":"October 6, 2024 - October 12, 2024","Country Mapping - Country Map → Name En":"Sierra Leone","Count":"1"},
{"Tracking Mofa General - Order Num → Start Time":"October 6, 2024 - October 12, 2024","Country Mapping - Country Map → Name En":"Somalia","Count":"16"},
{"Tracking Mofa General - Order Num → Start Time":"October 6, 2024 - October 12, 2024","Country Mapping - Country Map → Name En":"Sri Lanka","Count":"387"},
{"Tracking Mofa General - Order Num → Start Time":"October 6, 2024 - October 12, 2024","Country Mapping - Country Map → Name En":"Tanzania","Count":"12"},
{"Tracking Mofa General - Order Num → Start Time":"October 6, 2024 - October 12, 2024","Country Mapping - Country Map → Name En":"Uganda","Count":"869"},
{"Tracking Mofa General - Order Num → Start Time":"October 6, 2024 - October 12, 2024","Country Mapping - Country Map → Name En":"Viet Nam","Count":"8"},
{"Tracking Mofa General - Order Num → Start Time":"October 6, 2024 - October 12, 2024","Country Mapping - Country Map → Name En":"Yemen","Count":"1057"},
{"Tracking Mofa General - Order Num → Start Time":"October 13, 2024 - October 19, 2024","Country Mapping - Country Map → Name En":"Bangladesh","Count":"1695"},
{"Tracking Mofa General - Order Num → Start Time":"October 13, 2024 - October 19, 2024","Country Mapping - Country Map → Name En":"Burundi","Count":"172"},
{"Tracking Mofa General - Order Num → Start Time":"October 13, 2024 - October 19, 2024","Country Mapping - Country Map → Name En":"Egypt","Count":"1003"},
{"Tracking Mofa General - Order Num → Start Time":"October 13, 2024 - October 19, 2024","Country Mapping - Country Map → Name En":"Ethiopia","Count":"6445"},
{"Tracking Mofa General - Order Num → Start Time":"October 13, 2024 - October 19, 2024","Country Mapping - Country Map → Name En":"Ghana","Count":"3"},
{"Tracking Mofa General - Order Num → Start Time":"October 13, 2024 - October 19, 2024","Country Mapping - Country Map → Name En":"India","Count":"1815"},
{"Tracking Mofa General - Order Num → Start Time":"October 13, 2024 - October 19, 2024","Country Mapping - Country Map → Name En":"Kenya","Count":"873"},
{"Tracking Mofa General - Order Num → Start Time":"October 13, 2024 - October 19, 2024","Country Mapping - Country Map → Name En":"Pakistan","Count":"882"},
{"Tracking Mofa General - Order Num → Start Time":"October 13, 2024 - October 19, 2024","Country Mapping - Country Map → Name En":"Philippines","Count":"3223"},
{"Tracking Mofa General - Order Num → Start Time":"October 13, 2024 - October 19, 2024","Country Mapping - Country Map → Name En":"Sierra Leone","Count":"25"},
{"Tracking Mofa General - Order Num → Start Time":"October 13, 2024 - October 19, 2024","Country Mapping - Country Map → Name En":"Somalia","Count":"17"},
{"Tracking Mofa General - Order Num → Start Time":"October 13, 2024 - October 19, 2024","Country Mapping - Country Map → Name En":"Sri Lanka","Count":"369"},
{"Tracking Mofa General - Order Num → Start Time":"October 13, 2024 - October 19, 2024","Country Mapping - Country Map → Name En":"Thailand","Count":"2"},
{"Tracking Mofa General - Order Num → Start Time":"October 13, 2024 - October 19, 2024","Country Mapping - Country Map → Name En":"Uganda","Count":"1328"},
{"Tracking Mofa General - Order Num → Start Time":"October 13, 2024 - October 19, 2024","Country Mapping - Country Map → Name En":"Viet Nam","Count":"7"},
{"Tracking Mofa General - Order Num → Start Time":"October 13, 2024 - October 19, 2024","Country Mapping - Country Map → Name En":"Yemen","Count":"323"},
{"Tracking Mofa General - Order Num → Start Time":"October 20, 2024 - October 26, 2024","Country Mapping - Country Map → Name En":"Bangladesh","Count":"1885"},
{"Tracking Mofa General - Order Num → Start Time":"October 20, 2024 - October 26, 2024","Country Mapping - Country Map → Name En":"Burundi","Count":"137"},
{"Tracking Mofa General - Order Num → Start Time":"October 20, 2024 - October 26, 2024","Country Mapping - Country Map → Name En":"Egypt","Count":"787"},
{"Tracking Mofa General - Order Num → Start Time":"October 20, 2024 - October 26, 2024","Country Mapping - Country Map → Name En":"Ethiopia","Count":"5945"},
{"Tracking Mofa General - Order Num → Start Time":"October 20, 2024 - October 26, 2024","Country Mapping - Country Map → Name En":"India","Count":"1290"},
{"Tracking Mofa General - Order Num → Start Time":"October 20, 2024 - October 26, 2024","Country Mapping - Country Map → Name En":"Kenya","Count":"1054"},
{"Tracking Mofa General - Order Num → Start Time":"October 20, 2024 - October 26, 2024","Country Mapping - Country Map → Name En":"Pakistan","Count":"480"},
{"Tracking Mofa General - Order Num → Start Time":"October 20, 2024 - October 26, 2024","Country Mapping - Country Map → Name En":"Philippines","Count":"2544"},
{"Tracking Mofa General - Order Num → Start Time":"October 20, 2024 - October 26, 2024","Country Mapping - Country Map → Name En":"Sierra Leone","Count":"3"},
{"Tracking Mofa General - Order Num → Start Time":"October 20, 2024 - October 26, 2024","Country Mapping - Country Map → Name En":"Somalia","Count":"11"},
{"Tracking Mofa General - Order Num → Start Time":"October 20, 2024 - October 26, 2024","Country Mapping - Country Map → Name En":"Sri Lanka","Count":"438"},
{"Tracking Mofa General - Order Num → Start Time":"October 20, 2024 - October 26, 2024","Country Mapping - Country Map → Name En":"Tanzania","Count":"1"},
{"Tracking Mofa General - Order Num → Start Time":"October 20, 2024 - October 26, 2024","Country Mapping - Country Map → Name En":"Thailand","Count":"3"},
{"Tracking Mofa General - Order Num → Start Time":"October 20, 2024 - October 26, 2024","Country Mapping - Country Map → Name En":"Uganda","Count":"1065"},
{"Tracking Mofa General - Order Num → Start Time":"October 20, 2024 - October 26, 2024","Country Mapping - Country Map → Name En":"Viet Nam","Count":"15"},
{"Tracking Mofa General - Order Num → Start Time":"October 20, 2024 - October 26, 2024","Country Mapping - Country Map → Name En":"Yemen","Count":"220"},
{"Tracking Mofa General - Order Num → Start Time":"October 27, 2024 - November 2, 2024","Country Mapping - Country Map → Name En":"Bangladesh","Count":"1778"},
{"Tracking Mofa General - Order Num → Start Time":"October 27, 2024 - November 2, 2024","Country Mapping - Country Map → Name En":"Burundi","Count":"202"},
{"Tracking Mofa General - Order Num → Start Time":"October 27, 2024 - November 2, 2024","Country Mapping - Country Map → Name En":"Egypt","Count":"942"},
{"Tracking Mofa General - Order Num → Start Time":"October 27, 2024 - November 2, 2024","Country Mapping - Country Map → Name En":"Ethiopia","Count":"5508"},
{"Tracking Mofa General - Order Num → Start Time":"October 27, 2024 - November 2, 2024","Country Mapping - Country Map → Name En":"India","Count":"1393"},
{"Tracking Mofa General - Order Num → Start Time":"October 27, 2024 - November 2, 2024","Country Mapping - Country Map → Name En":"Indonesia","Count":"1"},
{"Tracking Mofa General - Order Num → Start Time":"October 27, 2024 - November 2, 2024","Country Mapping - Country Map → Name En":"Kenya","Count":"939"},
{"Tracking Mofa General - Order Num → Start Time":"October 27, 2024 - November 2, 2024","Country Mapping - Country Map → Name En":"Pakistan","Count":"494"},
{"Tracking Mofa General - Order Num → Start Time":"October 27, 2024 - November 2, 2024","Country Mapping - Country Map → Name En":"Philippines","Count":"2456"},
{"Tracking Mofa General - Order Num → Start Time":"October 27, 2024 - November 2, 2024","Country Mapping - Country Map → Name En":"Sierra Leone","Count":"11"},
{"Tracking Mofa General - Order Num → Start Time":"October 27, 2024 - November 2, 2024","Country Mapping - Country Map → Name En":"Somalia","Count":"27"},
{"Tracking Mofa General - Order Num → Start Time":"October 27, 2024 - November 2, 2024","Country Mapping - Country Map → Name En":"Sri Lanka","Count":"310"},
{"Tracking Mofa General - Order Num → Start Time":"October 27, 2024 - November 2, 2024","Country Mapping - Country Map → Name En":"Tanzania","Count":"3"},
{"Tracking Mofa General - Order Num → Start Time":"October 27, 2024 - November 2, 2024","Country Mapping - Country Map → Name En":"Thailand","Count":"2"},
{"Tracking Mofa General - Order Num → Start Time":"October 27, 2024 - November 2, 2024","Country Mapping - Country Map → Name En":"Uganda","Count":"1036"},
{"Tracking Mofa General - Order Num → Start Time":"October 27, 2024 - November 2, 2024","Country Mapping - Country Map → Name En":"Viet Nam","Count":"12"},
{"Tracking Mofa General - Order Num → Start Time":"October 27, 2024 - November 2, 2024","Country Mapping - Country Map → Name En":"Yemen","Count":"265"},
{"Tracking Mofa General - Order Num → Start Time":"November 3, 2024 - November 9, 2024","Country Mapping - Country Map → Name En":"Bangladesh","Count":"1638"},
{"Tracking Mofa General - Order Num → Start Time":"November 3, 2024 - November 9, 2024","Country Mapping - Country Map → Name En":"Burundi","Count":"224"},
{"Tracking Mofa General - Order Num → Start Time":"November 3, 2024 - November 9, 2024","Country Mapping - Country Map → Name En":"Egypt","Count":"854"},
{"Tracking Mofa General - Order Num → Start Time":"November 3, 2024 - November 9, 2024","Country Mapping - Country Map → Name En":"Ethiopia","Count":"6108"},
{"Tracking Mofa General - Order Num → Start Time":"November 3, 2024 - November 9, 2024","Country Mapping - Country Map → Name En":"India","Count":"1356"},
{"Tracking Mofa General - Order Num → Start Time":"November 3, 2024 - November 9, 2024","Country Mapping - Country Map → Name En":"Indonesia","Count":"11"},
{"Tracking Mofa General - Order Num → Start Time":"November 3, 2024 - November 9, 2024","Country Mapping - Country Map → Name En":"Kenya","Count":"869"},
{"Tracking Mofa General - Order Num → Start Time":"November 3, 2024 - November 9, 2024","Country Mapping - Country Map → Name En":"Pakistan","Count":"715"},
{"Tracking Mofa General - Order Num → Start Time":"November 3, 2024 - November 9, 2024","Country Mapping - Country Map → Name En":"Philippines","Count":"3152"},
{"Tracking Mofa General - Order Num → Start Time":"November 3, 2024 - November 9, 2024","Country Mapping - Country Map → Name En":"Sierra Leone","Count":"18"},
{"Tracking Mofa General - Order Num → Start Time":"November 3, 2024 - November 9, 2024","Country Mapping - Country Map → Name En":"Somalia","Count":"21"},
{"Tracking Mofa General - Order Num → Start Time":"November 3, 2024 - November 9, 2024","Country Mapping - Country Map → Name En":"Sri Lanka","Count":"406"},
{"Tracking Mofa General - Order Num → Start Time":"November 3, 2024 - November 9, 2024","Country Mapping - Country Map → Name En":"Tanzania","Count":"5"},
{"Tracking Mofa General - Order Num → Start Time":"November 3, 2024 - November 9, 2024","Country Mapping - Country Map → Name En":"Thailand","Count":"1"},
{"Tracking Mofa General - Order Num → Start Time":"November 3, 2024 - November 9, 2024","Country Mapping - Country Map → Name En":"Uganda","Count":"957"},
{"Tracking Mofa General - Order Num → Start Time":"November 3, 2024 - November 9, 2024","Country Mapping - Country Map → Name En":"Viet Nam","Count":"14"},
{"Tracking Mofa General - Order Num → Start Time":"November 3, 2024 - November 9, 2024","Country Mapping - Country Map → Name En":"Yemen","Count":"348"},
{"Tracking Mofa General - Order Num → Start Time":"November 10, 2024 - November 16, 2024","Country Mapping - Country Map → Name En":"Bangladesh","Count":"1324"},
{"Tracking Mofa General - Order Num → Start Time":"November 10, 2024 - November 16, 2024","Country Mapping - Country Map → Name En":"Burundi","Count":"131"},
{"Tracking Mofa General - Order Num → Start Time":"November 10, 2024 - November 16, 2024","Country Mapping - Country Map → Name En":"Egypt","Count":"743"},
{"Tracking Mofa General - Order Num → Start Time":"November 10, 2024 - November 16, 2024","Country Mapping - Country Map → Name En":"Ethiopia","Count":"5022"},
{"Tracking Mofa General - Order Num → Start Time":"November 10, 2024 - November 16, 2024","Country Mapping - Country Map → Name En":"India","Count":"1206"},
{"Tracking Mofa General - Order Num → Start Time":"November 10, 2024 - November 16, 2024","Country Mapping - Country Map → Name En":"Indonesia","Count":"2"},
{"Tracking Mofa General - Order Num → Start Time":"November 10, 2024 - November 16, 2024","Country Mapping - Country Map → Name En":"Kenya","Count":"547"},
{"Tracking Mofa General - Order Num → Start Time":"November 10, 2024 - November 16, 2024","Country Mapping - Country Map → Name En":"Pakistan","Count":"622"},
{"Tracking Mofa General - Order Num → Start Time":"November 10, 2024 - November 16, 2024","Country Mapping - Country Map → Name En":"Philippines","Count":"2460"},
{"Tracking Mofa General - Order Num → Start Time":"November 10, 2024 - November 16, 2024","Country Mapping - Country Map → Name En":"Sierra Leone","Count":"2"},
{"Tracking Mofa General - Order Num → Start Time":"November 10, 2024 - November 16, 2024","Country Mapping - Country Map → Name En":"Somalia","Count":"11"},
{"Tracking Mofa General - Order Num → Start Time":"November 10, 2024 - November 16, 2024","Country Mapping - Country Map → Name En":"Sri Lanka","Count":"275"},
{"Tracking Mofa General - Order Num → Start Time":"November 10, 2024 - November 16, 2024","Country Mapping - Country Map → Name En":"Tanzania","Count":"5"},
{"Tracking Mofa General - Order Num → Start Time":"November 10, 2024 - November 16, 2024","Country Mapping - Country Map → Name En":"Thailand","Count":"2"},
{"Tracking Mofa General - Order Num → Start Time":"November 10, 2024 - November 16, 2024","Country Mapping - Country Map → Name En":"Uganda","Count":"728"},
{"Tracking Mofa General - Order Num → Start Time":"November 10, 2024 - November 16, 2024","Country Mapping - Country Map → Name En":"Viet Nam","Count":"11"},
{"Tracking Mofa General - Order Num → Start Time":"November 10, 2024 - November 16, 2024","Country Mapping - Country Map → Name En":"Yemen","Count":"267"},
{"Tracking Mofa General - Order Num → Start Time":"November 17, 2024 - November 23, 2024","Country Mapping - Country Map → Name En":"Bangladesh","Count":"2121"},
{"Tracking Mofa General - Order Num → Start Time":"November 17, 2024 - November 23, 2024","Country Mapping - Country Map → Name En":"Burundi","Count":"282"},
{"Tracking Mofa General - Order Num → Start Time":"November 17, 2024 - November 23, 2024","Country Mapping - Country Map → Name En":"Egypt","Count":"1076"},
{"Tracking Mofa General - Order Num → Start Time":"November 17, 2024 - November 23, 2024","Country Mapping - Country Map → Name En":"Ethiopia","Count":"7495"},
{"Tracking Mofa General - Order Num → Start Time":"November 17, 2024 - November 23, 2024","Country Mapping - Country Map → Name En":"India","Count":"492"},
{"Tracking Mofa General - Order Num → Start Time":"November 17, 2024 - November 23, 2024","Country Mapping - Country Map → Name En":"Kenya","Count":"916"},
{"Tracking Mofa General - Order Num → Start Time":"November 17, 2024 - November 23, 2024","Country Mapping - Country Map → Name En":"Pakistan","Count":"164"},
{"Tracking Mofa General - Order Num → Start Time":"November 17, 2024 - November 23, 2024","Country Mapping - Country Map → Name En":"Philippines","Count":"3408"},
{"Tracking Mofa General - Order Num → Start Time":"November 17, 2024 - November 23, 2024","Country Mapping - Country Map → Name En":"Sierra Leone","Count":"21"},
{"Tracking Mofa General - Order Num → Start Time":"November 17, 2024 - November 23, 2024","Country Mapping - Country Map → Name En":"Somalia","Count":"25"},
{"Tracking Mofa General - Order Num → Start Time":"November 17, 2024 - November 23, 2024","Country Mapping - Country Map → Name En":"Sri Lanka","Count":"429"},
{"Tracking Mofa General - Order Num → Start Time":"November 17, 2024 - November 23, 2024","Country Mapping - Country Map → Name En":"Tanzania","Count":"8"},
{"Tracking Mofa General - Order Num → Start Time":"November 17, 2024 - November 23, 2024","Country Mapping - Country Map → Name En":"Uganda","Count":"1140"},
{"Tracking Mofa General - Order Num → Start Time":"November 17, 2024 - November 23, 2024","Country Mapping - Country Map → Name En":"Viet Nam","Count":"13"},
{"Tracking Mofa General - Order Num → Start Time":"November 17, 2024 - November 23, 2024","Country Mapping - Country Map → Name En":"Yemen","Count":"98"},
{"Tracking Mofa General - Order Num → Start Time":"November 24, 2024 - November 30, 2024","Country Mapping - Country Map → Name En":"Bangladesh","Count":"1537"},
{"Tracking Mofa General - Order Num → Start Time":"November 24, 2024 - November 30, 2024","Country Mapping - Country Map → Name En":"Burundi","Count":"207"},
{"Tracking Mofa General - Order Num → Start Time":"November 24, 2024 - November 30, 2024","Country Mapping - Country Map → Name En":"Egypt","Count":"1050"},
{"Tracking Mofa General - Order Num → Start Time":"November 24, 2024 - November 30, 2024","Country Mapping - Country Map → Name En":"Ethiopia","Count":"5281"},
{"Tracking Mofa General - Order Num → Start Time":"November 24, 2024 - November 30, 2024","Country Mapping - Country Map → Name En":"India","Count":"363"},
{"Tracking Mofa General - Order Num → Start Time":"November 24, 2024 - November 30, 2024","Country Mapping - Country Map → Name En":"Kenya","Count":"1147"},
{"Tracking Mofa General - Order Num → Start Time":"November 24, 2024 - November 30, 2024","Country Mapping - Country Map → Name En":"Pakistan","Count":"145"},
{"Tracking Mofa General - Order Num → Start Time":"November 24, 2024 - November 30, 2024","Country Mapping - Country Map → Name En":"Philippines","Count":"2431"},
{"Tracking Mofa General - Order Num → Start Time":"November 24, 2024 - November 30, 2024","Country Mapping - Country Map → Name En":"Sierra Leone","Count":"3"},
{"Tracking Mofa General - Order Num → Start Time":"November 24, 2024 - November 30, 2024","Country Mapping - Country Map → Name En":"Somalia","Count":"16"},
{"Tracking Mofa General - Order Num → Start Time":"November 24, 2024 - November 30, 2024","Country Mapping - Country Map → Name En":"Sri Lanka","Count":"352"},
{"Tracking Mofa General - Order Num → Start Time":"November 24, 2024 - November 30, 2024","Country Mapping - Country Map → Name En":"Tanzania","Count":"3"},
{"Tracking Mofa General - Order Num → Start Time":"November 24, 2024 - November 30, 2024","Country Mapping - Country Map → Name En":"Uganda","Count":"813"},
{"Tracking Mofa General - Order Num → Start Time":"November 24, 2024 - November 30, 2024","Country Mapping - Country Map → Name En":"Viet Nam","Count":"5"},
{"Tracking Mofa General - Order Num → Start Time":"November 24, 2024 - November 30, 2024","Country Mapping - Country Map → Name En":"Yemen","Count":"57"},
{"Tracking Mofa General - Order Num → Start Time":"December 1, 2024 - December 7, 2024","Country Mapping - Country Map → Name En":"Bangladesh","Count":"1601"},
{"Tracking Mofa General - Order Num → Start Time":"December 1, 2024 - December 7, 2024","Country Mapping - Country Map → Name En":"Burundi","Count":"148"},
{"Tracking Mofa General - Order Num → Start Time":"December 1, 2024 - December 7, 2024","Country Mapping - Country Map → Name En":"Egypt","Count":"1040"},
{"Tracking Mofa General - Order Num → Start Time":"December 1, 2024 - December 7, 2024","Country Mapping - Country Map → Name En":"Ethiopia","Count":"5929"},
{"Tracking Mofa General - Order Num → Start Time":"December 1, 2024 - December 7, 2024","Country Mapping - Country Map → Name En":"India","Count":"319"},
{"Tracking Mofa General - Order Num → Start Time":"December 1, 2024 - December 7, 2024","Country Mapping - Country Map → Name En":"Kenya","Count":"1212"},
{"Tracking Mofa General - Order Num → Start Time":"December 1, 2024 - December 7, 2024","Country Mapping - Country Map → Name En":"Pakistan","Count":"109"},
{"Tracking Mofa General - Order Num → Start Time":"December 1, 2024 - December 7, 2024","Country Mapping - Country Map → Name En":"Philippines","Count":"2681"},
{"Tracking Mofa General - Order Num → Start Time":"December 1, 2024 - December 7, 2024","Country Mapping - Country Map → Name En":"Sierra Leone","Count":"19"},
{"Tracking Mofa General - Order Num → Start Time":"December 1, 2024 - December 7, 2024","Country Mapping - Country Map → Name En":"Somalia","Count":"20"},
{"Tracking Mofa General - Order Num → Start Time":"December 1, 2024 - December 7, 2024","Country Mapping - Country Map → Name En":"Sri Lanka","Count":"350"},
{"Tracking Mofa General - Order Num → Start Time":"December 1, 2024 - December 7, 2024","Country Mapping - Country Map → Name En":"Tanzania","Count":"4"},
{"Tracking Mofa General - Order Num → Start Time":"December 1, 2024 - December 7, 2024","Country Mapping - Country Map → Name En":"Thailand","Count":"1"},
{"Tracking Mofa General - Order Num → Start Time":"December 1, 2024 - December 7, 2024","Country Mapping - Country Map → Name En":"Uganda","Count":"991"},
{"Tracking Mofa General - Order Num → Start Time":"December 1, 2024 - December 7, 2024","Country Mapping - Country Map → Name En":"Viet Nam","Count":"9"},
{"Tracking Mofa General - Order Num → Start Time":"December 1, 2024 - December 7, 2024","Country Mapping - Country Map → Name En":"Yemen","Count":"51"},
{"Tracking Mofa General - Order Num → Start Time":"December 8, 2024 - December 14, 2024","Country Mapping - Country Map → Name En":"Bangladesh","Count":"1017"},
{"Tracking Mofa General - Order Num → Start Time":"December 8, 2024 - December 14, 2024","Country Mapping - Country Map → Name En":"Burundi","Count":"129"},
{"Tracking Mofa General - Order Num → Start Time":"December 8, 2024 - December 14, 2024","Country Mapping - Country Map → Name En":"Egypt","Count":"735"},
{"Tracking Mofa General - Order Num → Start Time":"December 8, 2024 - December 14, 2024","Country Mapping - Country Map → Name En":"Ethiopia","Count":"3770"},
{"Tracking Mofa General - Order Num → Start Time":"December 8, 2024 - December 14, 2024","Country Mapping - Country Map → Name En":"India","Count":"262"},
{"Tracking Mofa General - Order Num → Start Time":"December 8, 2024 - December 14, 2024","Country Mapping - Country Map → Name En":"Kenya","Count":"607"},
{"Tracking Mofa General - Order Num → Start Time":"December 8, 2024 - December 14, 2024","Country Mapping - Country Map → Name En":"Pakistan","Count":"95"},
{"Tracking Mofa General - Order Num → Start Time":"December 8, 2024 - December 14, 2024","Country Mapping - Country Map → Name En":"Philippines","Count":"1825"},
{"Tracking Mofa General - Order Num → Start Time":"December 8, 2024 - December 14, 2024","Country Mapping - Country Map → Name En":"Sierra Leone","Count":"46"},
{"Tracking Mofa General - Order Num → Start Time":"December 8, 2024 - December 14, 2024","Country Mapping - Country Map → Name En":"Somalia","Count":"12"},
{"Tracking Mofa General - Order Num → Start Time":"December 8, 2024 - December 14, 2024","Country Mapping - Country Map → Name En":"Sri Lanka","Count":"160"},
{"Tracking Mofa General - Order Num → Start Time":"December 8, 2024 - December 14, 2024","Country Mapping - Country Map → Name En":"Tanzania","Count":"6"},
{"Tracking Mofa General - Order Num → Start Time":"December 8, 2024 - December 14, 2024","Country Mapping - Country Map → Name En":"Thailand","Count":"2"},
{"Tracking Mofa General - Order Num → Start Time":"December 8, 2024 - December 14, 2024","Country Mapping - Country Map → Name En":"Uganda","Count":"647"},
{"Tracking Mofa General - Order Num → Start Time":"December 8, 2024 - December 14, 2024","Country Mapping - Country Map → Name En":"Viet Nam","Count":"8"},
{"Tracking Mofa General - Order Num → Start Time":"December 8, 2024 - December 14, 2024","Country Mapping - Country Map → Name En":"Yemen","Count":"50"}
]